{
	"boggled_astropolis_station_alpha":{
		"defaultName":"ERROR TELL BOGGLED IF SEEN custom_entities.json defaultName", # used if name=null in addCustomEntity()
		"defaultRadius":110, # used if radius<0 in addCustomEntity()
		"customDescriptionId":"astropolis_station",
		"interactionImage":"graphics/illustrations/orbital_construction.jpg",
		"icon":"graphics/icons/station0.png",
		"iconWidth":28,
		"iconHeight":28,
		"sprite":"graphics/stations/station_lowtech3.png",
		"spriteWidth":120,
		"spriteHeight":125,
		"renderShadow":true,
		"useLightColor":true,
		"showInCampaign":true,
		"showIconOnMap":true,
		"showNameOnMap":false,
		"scaleNameWithZoom":false,
		"scaleIconWithZoom":true,
		"tags":["station", "boggled_astropolis"],
		"layers":[STATIONS], # what layer(s) to render in. See CampaignEngineLayers.java for possible values
	},
	"boggled_astropolis_station_beta":{
		"defaultName":"ERROR TELL BOGGLED IF SEEN custom_entities.json defaultName", # used if name=null in addCustomEntity()
		"defaultRadius":110, # used if radius<0 in addCustomEntity()
		"customDescriptionId":"astropolis_station",
		"interactionImage":"graphics/illustrations/orbital_construction.jpg",
		"icon":"graphics/icons/station0.png",
		"iconWidth":28,
		"iconHeight":28,
		"sprite":"graphics/stations/station_midline3.png",
		"spriteWidth":120,
		"spriteHeight":125,
		"renderShadow":true,
		"useLightColor":true,
		"showInCampaign":true,
		"showIconOnMap":true,
		"showNameOnMap":false,
		"scaleNameWithZoom":false,
		"scaleIconWithZoom":true,
		"tags":["station", "boggled_astropolis"],
		"layers":[STATIONS], # what layer(s) to render in. See CampaignEngineLayers.java for possible values
	},
	"boggled_astropolis_station_gamma":{
		"defaultName":"ERROR TELL BOGGLED IF SEEN custom_entities.json defaultName", # used if name=null in addCustomEntity()
		"defaultRadius":110, # used if radius<0 in addCustomEntity()
		"customDescriptionId":"astropolis_station",
		"interactionImage":"graphics/illustrations/orbital_construction.jpg",
		"icon":"graphics/icons/station0.png",
		"iconWidth":28,
		"iconHeight":28,
		"sprite":"graphics/stations/station_hightech3.png",
		"spriteWidth":120,
		"spriteHeight":125,
		"renderShadow":true,
		"useLightColor":true,
		"showInCampaign":true,
		"showIconOnMap":true,
		"showNameOnMap":false,
		"scaleNameWithZoom":false,
		"scaleIconWithZoom":true,
		"tags":["station", "boggled_astropolis"],
		"layers":[STATIONS], # what layer(s) to render in. See CampaignEngineLayers.java for possible values
	},
	"boggled_station_mining":{
		"defaultName":"ERROR TELL BOGGLED IF SEEN custom_entities.json defaultName", # used if name=null in addCustomEntity()
		"defaultRadius":110, # used if radius<0 in addCustomEntity()
		"customDescriptionId":"orbital_station_default",
		"interactionImage":"graphics/illustrations/orbital_construction.jpg",
		"icon":"graphics/icons/station0.png",
		"iconWidth":28,
		"iconHeight":28,
		"sprite":"graphics/stations/station_lowtech3.png",
		"spriteWidth":120,
		"spriteHeight":125,
		"renderShadow":true,
		"useLightColor":true,
		"showInCampaign":true,
		"showIconOnMap":true,
		"showNameOnMap":false,
		"scaleNameWithZoom":false,
		"scaleIconWithZoom":true,
		"tags":["station", "boggled_station_mining"],
		"layers":[STATIONS], # what layer(s) to render in. See CampaignEngineLayers.java for possible values
	}
}


